property_name,address,latitude,longitude,price_range,bedroom,bathroom,room_area,amenities
NEMA Chicago Apartments,"1210 S Indiana Ave, Chicago, IL, 60605",41.866998,-87.62338,"$1,777–$19,900",0 - 4 bed,1 - 4 ba,420 - 2703 sq ft,"Pet Friendly, Parking Available, Air Conditioning, In-unit Laundry, Utilities Included"
Germain House Apartments,"729 N Sangamon St, Chicago, IL, 60642",41.895896,-87.651175,"$2,395–$3,592",1 - 2 bed,1 - 2 ba,560 - 1065 sq ft,"Pet Friendly, Parking Available, Air Conditioning, In-unit Laundry, Utilities Included"
Porte Apartments,"855 W Madison St, Chicago, IL, 60607",41.881742,-87.649106,"$2,150–$6,700",0 - 3 bed,1 - 2 ba,546 - 1930 sq ft,"Pet Friendly, Air Conditioning, In-unit Laundry, Utilities Included"
596 West Hawthorne Apartments,"596 W Hawthorne Pl, Chicago, IL, 60657",41.94419,-87.645133,"$1,073–$1,212",0 - 0 bed,1 - 1 ba,275 - 330 sq ft,Pet Friendly
Three Old Town Park Apartments,"228 W Hill St, Chicago, IL, 60610",41.902363,-87.635832,"$2,105–$8,500",0 - 2 bed,1 - 2 ba,505 - 2056 sq ft,"Pet Friendly, Parking Available, Air Conditioning, In-unit Laundry"
535 W Cornelia Apartments,"535 W Cornelia Ave, Chicago, IL, 60657",41.946231,-87.643545,"$970–$6,500",0 - 4 bed,1 - 5 ba,268 - 2923 sq ft,"Pet Friendly, Utilities Included"
The Lofts at River East Apartments,"445 E Illinois St, Chicago, IL, 60611",41.891033,-87.618113,"$1,950–$3,115",0 - 1 bed,1 - 1 ba,605 - 1003 sq ft,"Pet Friendly, Parking Available, Air Conditioning, In-unit Laundry, Utilities Included"
One Chicago Apartments,"14 W Superior St, Chicago, IL, 60654",41.89618,-87.628818,"$2,284–$11,520",0 - 3 bed,1 - 2 ba,525 - 2211 sq ft,"Pet Friendly, Parking Available, Air Conditioning, In-unit Laundry"
The Residences at Addison & Clark Apartments,"1025 W Addison St, Chicago, IL, 60613",41.947094,-87.655403,"$1,969–$4,510",0 - 2 bed,1 - 2 ba,501 - 1409 sq ft,"Pet Friendly, Parking Available, Air Conditioning, In-unit Laundry"
Melrose by the Lake Apartments,"434 W Melrose St, Chicago, IL, 60657",41.941487,-87.64104,"$4,997–$6,397",2 - 2 bed,2 - 2 ba,1559 - 1559 sq ft,"Pet Friendly, Parking Available, Air Conditioning, In-unit Laundry, Utilities Included"
1133 North Dearborn Apartments,"1133 N Dearborn St, Chicago, IL, 60610",41.90269,-87.629536,"$1,682–$3,416",0 - 2 bed,1 - 2 ba,450 - 1050 sq ft,"Pet Friendly, Parking Available, Air Conditioning"
Aviation Loft Apartments,"1338 S Michigan Ave, Chicago, IL, 60605",41.865023,-87.624528,"$1,795–$2,000",1 - 1 bed,1 - 1 ba,800 - 1000 sq ft,"Pet Friendly, Parking Available, Air Conditioning, In-unit Laundry"
422 W Melrose Apartments,"422-424 W Melrose St, Chicago, IL, 60657",41.941502,-87.640749,"$955–$4,495",0 - 4 bed,1 - 3 ba,282 - 2203 sq ft,"Pet Friendly, Utilities Included"
100 West Chestnut Apartments,"100 W Chestnut St, Chicago, IL, 60610",41.898046,-87.631664,"$1,839–$3,161",1 - 2 bed,1 - 2 ba,700 - 1050 sq ft,"Pet Friendly, Parking Available, Air Conditioning"
Two Old Town Park Apartments,"202 W Hill St, Chicago, IL, 60610",41.902469,-87.635025,"$2,326–$21,596",0 - 3 bed,1 - 3 ba,510 - 2420 sq ft,"Air Conditioning, In-unit Laundry"
21 E Chestnut Apartments,"21 E Chestnut St, Chicago, IL, 60611",41.898132,-87.62718,"$1,750–$2,950",0 - 1 bed,1 - 1 ba,450 - 850 sq ft,"Pet Friendly, Air Conditioning, In-unit Laundry"
Millennium on LaSalle Apartments,"29 S Lasalle St, Chicago, IL, 60603",41.88116,-87.631633,"$1,850–$4,168",0 - 2 bed,1 - 2 ba,530 - 1290 sq ft,"Pet Friendly, Air Conditioning, In-unit Laundry"
750 North Rush Apartments,"750 N Rush St, Chicago, IL, 60611",41.896337,-87.625488,"$2,036–$3,456",1 - 2 bed,1 - 2 ba,640 - 1158 sq ft,"Pet Friendly, Parking Available, In-unit Laundry, Utilities Included"
Echelon Chicago Apartments,"353 N Desplaines St, Chicago, IL, 60661",41.888349,-87.6442,"$1,886–$3,441",0 - 2 bed,1 - 2 ba,572 - 1109 sq ft,"Pet Friendly, Parking Available, Air Conditioning, In-unit Laundry"
Astoria Tower Chicago Apartments,"8 E 9th St, Chicago, IL, 60605",41.870523,-87.627295,"$2,212–$3,065",1 - 2 bed,2 - 2 ba,840 - 1240 sq ft,"Pet Friendly, Parking Available, Air Conditioning, In-unit Laundry"
1111 North Dearborn Apartments,"1111 N Dearborn St, Chicago, IL, 60610",41.902398,-87.629887,"$1,613–$2,845",0 - 2 bed,1 - 1 ba,525 - 950 sq ft,"Pet Friendly, Parking Available, Air Conditioning"
1225 Old Town Apartments,"1225 N Wells St, Chicago, IL, 60610",41.904617,-87.634493,"$1,823–$4,975",0 - 3 bed,1 - 2 ba,513 - 1499 sq ft,"Pet Friendly, Parking Available, Air Conditioning, In-unit Laundry"
Arrive South Loop Apartments,"1935 S Wabash Ave, Chicago, IL, 60616",41.855584,-87.625262,"$1,770–$4,695",1 - 2 bed,1 - 2 ba,561 - 1012 sq ft,"Pet Friendly, Parking Available, In-unit Laundry"
The Patricians Apartments,"401 W Fullerton Pkwy, Chicago, IL, 60614",41.925278,-87.639358,"$1,395–$1,910",0 - 1 bed,1 - 1 ba,373 - 749 sq ft,"Pet Friendly, Air Conditioning"
Four50 Belmont Apartments,"450 W Belmont Ave, Chicago, IL, 60657",41.940411,-87.641498,"$1,905–$9,600",0 - 3 bed,1 - 3 ba,464 - 2290 sq ft,"Pet Friendly, Parking Available, Air Conditioning, In-unit Laundry, Utilities Included"
Lake & Wells Apartments,"210 N Wells St, Chicago, IL, 60606",41.886089,-87.633878,"$1,825–$3,535",0 - 2 bed,1 - 2 ba,584 - 1326 sq ft,"Pet Friendly, Parking Available, Air Conditioning, In-unit Laundry, Utilities Included"
Solstice on the Park Apartments,"1616 E 56th St, Chicago, IL, 60637",41.793733,-87.586153,"$2,195–$6,025",1 - 3 bed,1 - 2 ba,718 - 1872 sq ft,"Air Conditioning, In-unit Laundry"
Coeval Apartments,"51 E 14th St, Chicago, IL, 60605",41.864058,-87.625316,"$1,765–$0",0 - 2 bed,1 - 2 ba,467 - 1154 sq ft,"Pet Friendly, Parking Available, Air Conditioning, In-unit Laundry"
Regents Park Apartments,"5035 S East End Ave, Chicago, IL, 60615",41.803227,-87.585267,"$1,375–$4,828",0 - 3 bed,1 - 9 ba,550 - 1325 sq ft,"Pet Friendly, Parking Available, Air Conditioning, In-unit Laundry, Utilities Included"
1000 N. LaSalle Apartments,"1000 N Lasalle Dr, Chicago, IL, 60610",41.900756,-87.633168,"$1,599–$1,954",0 - 1 bed,1 - 1 ba,400 - 675 sq ft,"Pet Friendly, Parking Available, Air Conditioning"
1401 South State Apartments,"1401 S State St, Chicago, IL, 60605",41.863766,-87.626911,"$1,775–$3,300",0 - 2 bed,1 - 2 ba,567 - 1071 sq ft,"Pet Friendly, Parking Available, Air Conditioning, In-unit Laundry"
Arrive LEX Apartments,"2138 S Indiana Ave, Chicago, IL, 60616",41.853166,-87.622294,"$1,920–$5,195",1 - 2 bed,1 - 2 ba,697 - 1409 sq ft,"Pet Friendly, Parking Available, Air Conditioning, In-unit Laundry"
Chestnut Place Apartments,"8 W Chestnut St, Chicago, IL, 60610",41.898016,-87.628598,"$1,895–$2,944",1 - 2 bed,1 - 1 ba,655 - 1024 sq ft,"Pet Friendly, Parking Available, Air Conditioning"
17-25 N Bishop Apartments,"25 N Bishop St, Chicago, IL, 60607",41.882285,-87.663545,"$3,695–$4,000",3 - 3 bed,2 - 2 ba,1600 - 2800 sq ft,"Pet Friendly, Parking Available, Air Conditioning, In-unit Laundry, Utilities Included"
Arrive Streeterville Apartments,"333 E Ontario St, Chicago, IL, 60611",41.893313,-87.618708,"$1,475–$4,635",0 - 2 bed,1 - 2 ba,496 - 1243 sq ft,"Pet Friendly, Parking Available"
350 W Oakdale Apartments,"350 W Oakdale Ave, Chicago, IL, 60657",41.935902,-87.638952,"$1,302–$1,841",0 - 1 bed,1 - 1 ba,400 - 700 sq ft,"Pet Friendly, Parking Available, Air Conditioning"
851 West Apartments,"851 W Grand Ave, Chicago, IL, 60642",41.890905,-87.649706,"$2,050–$2,215",1 - 1 bed,1 - 1 ba,765 - 765 sq ft,"Pet Friendly, Parking Available, Air Conditioning, In-unit Laundry"
350 W Oakdale Apartments,"350 W Oakdale Ave, Chicago, IL, 60657",41.935902,-87.638952,"$1,302–$1,841",0 - 1 bed,1 - 1 ba,400 - 700 sq ft,"Pet Friendly, Parking Available, Air Conditioning"
SoNu Digs Apartments,"1515 N Fremont St, Chicago, IL, 60642",41.908912,-87.651056,"$1,410–$1,600",0 - 0 bed,1 - 1 ba,366 - 438 sq ft,"Pet Friendly, Air Conditioning, In-unit Laundry"
5252 Apartments,"5252 S Cornell Ave, Chicago, IL, 60615",41.800143,-87.585735,"$1,875–$8,350",0 - 3 bed,1 - 2 ba,572 - 1791 sq ft,"Pet Friendly, Parking Available, Air Conditioning, In-unit Laundry"
20 East Scott Apartments,"20 E Scott St, Chicago, IL, 60610",41.905139,-87.6279,"$1,935",1 - 1 bed,1 - 1 ba,700 - 700 sq ft,"Pet Friendly, Parking Available, Air Conditioning"
Addams Coliving Apartments,"1407 W 15th St, Chicago, IL, 60608",41.861493,-87.661934,"$858–$1,200",0 - 0 bed,1 - 1 ba,200 - 200 sq ft,"Parking Available, Air Conditioning, In-unit Laundry, Utilities Included"
Axis Apartments,"441 E Erie St, Chicago, IL, 60611",41.894028,-87.616621,"$1,520–$3,700",0 - 2 bed,1 - 2 ba,471 - 1627 sq ft,"Pet Friendly, Parking Available, Air Conditioning"
500 West Belmont Apartments,"500 W Belmont Ave, Chicago, IL, 60657",41.940087,-87.641967,"$1,299–$1,670",0 - 1 bed,1 - 1 ba,440 - 670 sq ft,"Pet Friendly, Parking Available, Air Conditioning"
west77 Apartments,"77 W Huron St, Chicago, IL, 60654",41.894611,-87.630777,"$1,850–$4,720",0 - 2 bed,1 - 2 ba,536 - 1312 sq ft,"Pet Friendly, Parking Available, Air Conditioning, In-unit Laundry"
"1 bedroom Apartment, Ravenswood","4537 N Leavitt St #1, Chicago, IL, 60625",41.964396,-87.683718,"$1,260",1 Bed,1 Bath,750 sq ft,"Pet Friendly, Utilities Included"
629 W Cornelia Apartments,"629 W Cornelia Ave, Chicago, IL, 60657",41.945685,-87.645529,"$1,997–$2,297",1 - 1 bed,1 - 1 ba,700 - 700 sq ft,"Pet Friendly, In-unit Laundry, Utilities Included"
"1 bedroom Condo, Lakeview","2828 N Burling St #209, Chicago, IL, 60657",41.933533,-87.648013,"$1,650",1 Bed,1 Bath,600 sq ft,"Pet Friendly, Parking Available, Air Conditioning, Utilities Included"
"1 bedroom Condo, River North","70 W Huron St #903, Chicago, IL, 60654",41.895369,-87.630901,"$1,995",1 Bed,1 Bath,925 sq ft,"Pet Friendly, Parking Available, Air Conditioning, Utilities Included"
441 West Oakdale Apartments,"441 W Oakdale Ave, Chicago, IL, 60657",41.935507,-87.641131,"$1,383–$1,829",0 - 1 bed,1 - 1 ba,410 - 750 sq ft,"Pet Friendly, Parking Available, Air Conditioning"
"1 bedroom Condo, Lakeview","3430 N Elaine Pl #02, Chicago, IL, 60657",41.944589,-87.647996,"$1,595",1 Bed,1 Bath,800 sq ft,"Pet Friendly, Air Conditioning"
"1 bedroom Apartment, West Loop","123 N Des Plaines St #905, Chicago, IL, 60661",41.883618,-87.643776,"$2,432",1 Bed,1 Bath,5 sq ft,"Pet Friendly, Parking Available, Air Conditioning, In-unit Laundry, Utilities Included"
"1 bedroom Apartment, Bucktown","2334 W Belden Ave #1, Chicago, IL, 60647",41.923574,-87.686599,"$1,175",1 Bed,1 Bath,5 sq ft,Pet Friendly
4455 South Greenwood Apartments,"4455 S Greenwood Ave, Chicago, IL, 60653",41.813448,-87.598869,"$961–$1,523",0 - 0 bed,1 - 1 ba,458 - 483 sq ft,Pet Friendly
Windermere House Apartments,"1642 E 56th St, Chicago, IL, 60637",41.793413,-87.584561,"$1,321–$3,907",0 - 2 bed,1 - 2 ba,514 - 1223 sq ft,"Pet Friendly, Parking Available, Utilities Included"
4521 N. Malden Apartments,"4521 N Malden St, Chicago, IL, 60640",41.964223,-87.661971,$795,0 - 0 bed,1 - 1 ba,290 - 290 sq ft,"Pet Friendly, Utilities Included"
5427 North Broadway Apartments,"5427 N Broadway St, Chicago, IL, 60640",41.980856,-87.659652,"$2,951–$4,467",2 - 3 bed,2 - 2 ba,1290 - 1315 sq ft,"Pet Friendly, Parking Available, Air Conditioning, In-unit Laundry"
"1 bedroom Apartment, Lakeview","2934 N Racine Ave #1R, Chicago, IL, 60657",41.935425,-87.659159,"$1,450",1 Bed,1 Bath,6 sq ft,"Air Conditioning, Utilities Included"
537 West Melrose Apartments,"537 W Melrose St, Chicago, IL, 60657",41.941122,-87.643489,"$1,185–$1,629",0 - 1 bed,1 - 1 ba,400 - 580 sq ft,"Pet Friendly, Parking Available, Air Conditioning"
"1 bedroom Condo, West Loop","1200 W Monroe St #614, Chicago, IL, 60607",41.880801,-87.657475,"$2,380",1 Bed,1 Bath,845 sq ft,"Pet Friendly, Parking Available, Air Conditioning, In-unit Laundry"
Edgewater Gardens Apartments,"6100 N Winthrop Ave, Chicago, IL, 60660",41.992578,-87.658722,"$1,400–$2,500",1 - 3 bed,1 - 2 ba,600 - 1100 sq ft,"Pet Friendly, Parking Available"
Green Manor Apartments,"4435 N Greenview Ave, Chicago, IL, 60640",41.962813,-87.667011,"$1,295–$1,400",1 - 1 bed,1 - 1 ba,740 - 825 sq ft,Pet Friendly
"1 bedroom Apartment, Edgewater","5423 N Winthrop Ave #300, Chicago, IL, 60640",41.98077,-87.657524,"$1,195",1 Bed,1 Bath,4 sq ft,"Pet Friendly, Air Conditioning, Utilities Included"
The Legacy HB at Clarendon Park Apartments,"4520 N Clarendon Ave, Chicago, IL, 60640",41.964284,-87.650211,"$1,350–$1,895",1 - 2 bed,1 - 2 ba,420 - 840 sq ft,"Pet Friendly, Parking Available"
441 W Barry Apartments,"441 W Barry Ave, Chicago, IL, 60657",41.937374,-87.641044,"$1,295–$1,745",0 - 1 bed,1 - 1 ba,380 - 590 sq ft,"Pet Friendly, Parking Available, Air Conditioning"
"1 bedroom Condo, Lincoln Park","2029 N Racine Ave #4-A, Chicago, IL, 60614",41.918974,-87.657888,"$1,000",1 Bed,1 Bath,1250 sq ft,"Pet Friendly, Air Conditioning, In-unit Laundry"
Imprint Apartments,"717 S Clark St, Chicago, IL, 60605",41.873018,-87.630588,"$1,830–$14,000",0 - 4 bed,1 - 4 ba,483 - 3276 sq ft,"Pet Friendly, Parking Available, Air Conditioning, In-unit Laundry, Utilities Included"
"1 bedroom Apartment, Noble Square","1304 W Ohio St #1F, Chicago, IL, 60642",41.892765,-87.65987,"$1,895",1 Bed + den,1 Bath,750 sq ft,"Pet Friendly, Parking Available, Air Conditioning, In-unit Laundry"
"1 bedroom Apartment, Lakeview","915 W Sheridan Rd #21, Chicago, IL, 60613",41.952521,-87.652751,"$1,295",1 Bed,1 Bath,750 sq ft,"Pet Friendly, Parking Available, Utilities Included"
"1 bedroom Apartment, Lakeview","1301 W Fletcher St #123, Chicago, IL, 60657",41.93878,-87.662104,"$1,545",1 Bed,1 Bath,638 sq ft,"Pet Friendly, Parking Available, Air Conditioning"
65 East Scott Apartments,"65 E Scott St, Chicago, IL, 60610",41.904441,-87.626174,"$1,425–$1,865",0 - 1 bed,1 - 1 ba,491 - 751 sq ft,"Parking Available, Air Conditioning"
Sheridan Plaza Apartments,"4607 N Sheridan Rd, Chicago, IL, 60640",41.965723,-87.654225,"$1,565–$2,733",1 - 2 bed,1 - 1 ba,690 - 954 sq ft,"Pet Friendly, Parking Available, Air Conditioning, Utilities Included"
"1 bedroom Apartment, West Loop","834 W Monroe St #ID627, Chicago, IL, 60607",41.880643,-87.648766,"$3,030",1 Bed,1 Bath,628 sq ft,"Pet Friendly, Air Conditioning, In-unit Laundry"
1807-09 N Lincoln Park West Apartments,"1807-1809 N Lincoln Park West, Chicago, IL, 60614",41.915106,-87.63596,"$670–$1,035",0 - 0 bed,1 - 1 ba,139 - 359 sq ft,"Pet Friendly, Utilities Included"
AMLI Deerfield Apartments,"1525  Lake Cook Rd, Deerfield, IL, 60015",42.152158,-87.866177,"$1,888–$3,952",1 - 2 bed,1 - 2 ba,722 - 1178 sq ft,"Pet Friendly, Parking Available, Air Conditioning, In-unit Laundry, Utilities Included"
5222-38 S. Drexel Avenue Apartments,"5222 S Drexel Ave, Chicago, IL, 60615",41.799459,-87.605014,"$1,495–$2,706",2 - 3 bed,1 - 1 ba,825 - 1410 sq ft,Pet Friendly
424 W. Oakdale Apartments,"424 W Oakdale Ave, Chicago, IL, 60657",41.9358,-87.640486,"$1,045–$1,405",0 - 1 bed,1 - 1 ba,360 - 590 sq ft,"Pet Friendly, Parking Available, Utilities Included"
The Eastlake Apartments,"7729 N Eastlake Ter, Chicago, IL, 60626",42.021821,-87.66501,"$3,100–$5,500",2 - 3 bed,2 - 2 ba,1000 - 2000 sq ft,"Pet Friendly, Air Conditioning, In-unit Laundry, Utilities Included"
1049 West Oakdale Apartments,"1049 W Oakdale Ave, Chicago, IL, 60657",41.935064,-87.65588,"$1,146–$1,244",0 - 0 bed,1 - 1 ba,385 - 415 sq ft,Pet Friendly
2630 North Hampden Apartments,"2630 N Hampden Ct, Chicago, IL, 60614",41.930052,-87.641105,"$1,251–$1,699",0 - 1 bed,1 - 1 ba,330 - 595 sq ft,"Pet Friendly, Parking Available"
Belmont Court Apartments,"3158 N Clark St, Chicago, IL, 60657",41.939235,-87.650407,"$1,145",0 - 0 bed,1 - 1 ba,395 - 395 sq ft,"Pet Friendly, Parking Available, Air Conditioning, In-unit Laundry"
515 West Barry Apartments,"515 W Barry Ave, Chicago, IL, 60657",41.937351,-87.642691,"$1,245–$1,770",0 - 1 bed,1 - 1 ba,400 - 580 sq ft,"Pet Friendly, Parking Available, Air Conditioning"
Winthrop Place Apartments,"6124 N Winthrop Ave, Chicago, IL, 60660",41.993248,-87.658487,"$960–$1,130",0 - 1 bed,1 - 1 ba,400 - 540 sq ft,Parking Available
5047-49 N Central Park Apartments,"5047-5049 N Central Park Ave, Chicago, IL, 60625",41.973334,-87.718005,"$1,350",2 - 2 bed,1 - 1 ba,732 - 732 sq ft,"Pet Friendly, Utilities Included"
Melrose Shores Apartments,"520 W Melrose St, Chicago, IL, 60657",41.941481,-87.642746,"$1,475–$1,500",1 - 1 bed,1 - 1 ba,560 - 560 sq ft,"Pet Friendly, Parking Available, Air Conditioning"
5535 S Kimbark Apartments,"5535 S Kimbark Ave, Chicago, IL, 60637",41.794019,-87.594216,"$2,200–$2,300",2 - 2 bed,1 - 1 ba,672 - 672 sq ft,Pet Friendly
Sentral Michigan Avenue Apartments,"808 S Michigan Ave, Chicago, IL, 60605",41.871491,-87.624573,"$1,702–$6,897",0 - 2 bed,1 - 2 ba,500 - 1130 sq ft,"Pet Friendly, Parking Available, Air Conditioning, In-unit Laundry"
"1 bedroom Apartment, Logan Square","3706 W Lyndale St #2, Chicago, IL, 60647",41.921944,-87.719658,"$1,200",1 Bed + den,1 Bath,5 sq ft,Pet Friendly
"1 bedroom Apartment, Lincoln Square","5160 N Leavitt St #3, Chicago, IL, 60625",41.975812,-87.684576,"$1,675",1 Bed,1 Bath,5 sq ft,"Pet Friendly, In-unit Laundry, Utilities Included"
"1 bedroom Condo, Streeterville","401 E Ontario St #708, Chicago, IL, 60611",41.893211,-87.616401,"$2,000",1 Bed,1 Bath,800 sq ft,"Parking Available, Air Conditioning"
"1 bedroom Apartment, Lakeview","1480 W Byron St #3, Chicago, IL, 60657",41.952802,-87.667266,"$1,450",1 Bed,1 Bath,4 sq ft,"Pet Friendly, Utilities Included"
"1 bedroom Condo, University Village","811 S Lytle St #505, Oak Park, IL, 60607",41.871538,-87.657544,"$1,600",1 Bed,1 Bath,900 sq ft,"Parking Available, Air Conditioning, In-unit Laundry, Utilities Included"
5202-5210 S Cornell Apartments,"5202-5210 S Cornell Ave, Chicago, IL, 60615",41.800818,-87.586449,"$1,035–$1,542",0 - 0 bed,1 - 1 ba,464 - 532 sq ft,Pet Friendly
"1 bedroom Apartment, Pilsen","1310 W 18th St #2D, Chicago, IL, 60608",41.858026,-87.659202,"$1,350",1 Bed,1 Bath,600 sq ft,"Pet Friendly, Air Conditioning"
549 West Aldine Apartments,"549 W Aldine Ave, Chicago, IL, 60657",41.94192,-87.643846,$775–$945,0 - 0 bed,1 - 1 ba,282 - 282 sq ft,"Pet Friendly, Parking Available"
"1 bedroom Apartment, Albany Park","4943 N Whipple St #3N, Chicago, IL, 60625",41.971536,-87.704538,"$1,050",1 Bed,1 Bath,5 sq ft,"Pet Friendly, Air Conditioning, Utilities Included"
"1 bedroom Apartment, Ukrainian Village","2038 W Chicago Ave #2 F, Chicago, IL, 60622",41.896064,-87.678612,"$1,450",1 Bed + den,1 Bath,825 sq ft,"Air Conditioning, Utilities Included"
"1 bedroom Apartment, Lincoln Park","840 W Blackhawk St #908, Chicago, IL, 60642",41.908942,-87.650026,"$1,979",1 Bed,1 Bath,5 sq ft,"Pet Friendly, Parking Available, Air Conditioning, In-unit Laundry"
"1 bedroom Apartment, Streeterville","500 N Lake Shore Dr #ID157, Chicago, IL, 60611",41.891618,-87.614794,"$3,570",1 Bed,1 Bath,743 sq ft,"Pet Friendly, Air Conditioning, In-unit Laundry"
5336-5338 S Hyde Park Apartments,"5336-5338 S Hyde Park Blvd, Chicago, IL, 60615",41.798473,-87.584417,"$1,100–$1,445",1 - 1 bed,1 - 1 ba,453 - 453 sq ft,"Pet Friendly, Parking Available"
5400-5408 S Ingleside Apartments,"5400 S Ingleside Ave, Chicago, IL, 60615",41.797709,-87.603151,"$1,700–$2,780",1 - 2 bed,1 - 1 ba,941 - 998 sq ft,Pet Friendly
Paramour Apartments,"4850 S Drexel Blvd, Chicago, IL, 60615",41.806201,-87.604849,"$1,494–$2,196",1 - 1 bed,1 - 1 ba,543 - 675 sq ft,"Pet Friendly, Parking Available"
L - Logan Square Apartments,"2211 N Milwaukee Ave, Chicago, IL, 60647",41.921209,-87.694427,"$1,050–$1,925",0 - 1 bed,1 - 1 ba,414 - 721 sq ft,"Pet Friendly, Parking Available, Air Conditioning, In-unit Laundry, Utilities Included"
"1 bedroom Condo, Chicago Loop","125 S Jefferson St #1501, Chicago, IL, 60661",41.879936,-87.642076,"$1,800",1 Bed,1 Bath,725 sq ft,"Air Conditioning, In-unit Laundry, Utilities Included"
5474-5480 South Hyde Park Apartments,"5474-5480 S Hyde Park Blvd, Chicago, IL, 60615",41.795917,-87.584388,"$940–$3,550",0 - 4 bed,1 - 2 ba,295 - 1840 sq ft,"Pet Friendly, Parking Available"
"1 bedroom Apartment, Noble Square","1470 W Huron St #3R, Chicago, IL, 60642",41.894579,-87.664976,"$1,675",1 Bed + den,1 Bath,500 sq ft,"Pet Friendly, Air Conditioning"
"1 bedroom Apartment, Noble Square","1470 W Huron St #2-F, Chicago, IL, 60642",41.89451,-87.665118,"$1,675",1 Bed,1 Bath,510 sq ft,"Pet Friendly, Air Conditioning"
5516 N Kenmore Apartments,"5516 N Kenmore Ave, Chicago, IL, 60640",41.982423,-87.656968,"$987–$1,047",0 - 0 bed,1 - 1 ba,450 - 500 sq ft,"Pet Friendly, Parking Available, Utilities Included"
Grace Shores Apartments,"639 - 55 W Grace St, Chicago, IL, 60613",41.951509,-87.646814,"$1,040–$1,395",0 - 1 bed,1 - 1 ba,350 - 600 sq ft,"Pet Friendly, Parking Available, Air Conditioning"
"1 bedroom Apartment, East Village","1649 W Superior St #1R, Chicago, IL, 60622",41.89493,-87.669154,"$1,475",1 Bed + den,1 Bath,5 sq ft,"Pet Friendly, Air Conditioning"
Van der Rohe Apartments,"2933 N Sheridan Rd, Chicago, IL, 60657",41.935231,-87.638882,"$1,775–$1,845",1 - 1 bed,1 - 1 ba,690 - 690 sq ft,"Pet Friendly, Parking Available, Air Conditioning, Utilities Included"
Woodlawn Terrace Apartments,"4726 S Woodlawn Ave, Chicago, IL, 60615",41.808648,-87.597478,"$925–$1,766",0 - 1 bed,1 - 1 ba,346 - 569 sq ft,"Pet Friendly, Utilities Included"
"1 bedroom Apartment, Uptown","4752 N Racine Ave #206, Chicago, IL, 60640",41.968773,-87.659956,"$1,395",1 Bed,1 Bath,850 sq ft,"Pet Friendly, Air Conditioning, In-unit Laundry, Utilities Included"
"1 bedroom Apartment, Lakeview","3833 N Broadway Ave #514, Chicago, IL, 60613",41.952229,-87.649428,"$2,400",1 Bed,1 Bath,770 sq ft,"Pet Friendly, Parking Available, Air Conditioning, In-unit Laundry"
Wave Lakeview Apartments,"420 W Belmont Ave, Chicago, IL, 60657",41.940547,-87.639989,"$1,600–$3,350",0 - 2 bed,1 - 1 ba,488 - 1145 sq ft,"Pet Friendly, Parking Available, Air Conditioning, In-unit Laundry"
"1 bedroom Condo, Lincoln Park","444 W Fullerton Pkwy #1010, Chicago, IL, 60614",41.925716,-87.640451,"$1,950",1 Bed,1 Bath,800 sq ft,"Pet Friendly, Parking Available, Air Conditioning, Utilities Included"
5350-5358 S. Maryland Apartments,"5350 S Maryland Ave, Chicago, IL, 60615",41.796968,-87.605282,"$1,595–$2,511",2 - 2 bed,1 - 1 ba,910 - 910 sq ft,Pet Friendly
3130 North Lake Shore Drive Apartments,"3130 N Lake Shore Dr, Chicago, IL, 60657",41.938919,-87.638674,"$1,334–$2,499",0 - 2 bed,1 - 1 ba,360 - 850 sq ft,"Pet Friendly, Parking Available, Air Conditioning"
634 West Cornelia Apartments,"634-642 W Cornelia Ave, Chicago, IL, 60657",41.94594,-87.645949,"$1,533–$1,649",1 - 1 bed,1 - 1 ba,660 - 720 sq ft,Pet Friendly
The Covington Apartments,"4600 N Clarendon Ave, Chicago, IL, 60640",41.965708,-87.65046,"$1,150–$1,992",0 - 2 bed,1 - 1 ba,375 - 1150 sq ft,"Pet Friendly, Parking Available, Air Conditioning"
"1 bedroom Apartment, West Loop","1035 W Van Buren St #ID438, Chicago, IL, 60607",41.8763,-87.65372,"$3,260",1 Bed,1 Bath,739 sq ft,"Pet Friendly, In-unit Laundry"
"1 bedroom Condo, Logan Square","3061 W Logan Blvd #05, Chicago, IL, 60647",41.927905,-87.704907,"$1,995",1 Bed,1 Bath,4 sq ft,"Pet Friendly, Air Conditioning, In-unit Laundry"
"1 bedroom Condo, Lincoln Square","4755 N Washtenaw Ave #402, Chicago, IL, 60625",41.968296,-87.695978,"$1,800",1 Bed,1 Bath,800 sq ft,"Pet Friendly, Parking Available, Air Conditioning, In-unit Laundry, Utilities Included"
Drexel Grand Apartments,"5220 S Drexel Ave, Chicago, IL, 60615",41.799599,-87.603896,"$965–$1,918",0 - 1 bed,1 - 1 ba,350 - 460 sq ft,Pet Friendly
4401 North Clark Apartments,"4401 N Clark St, Chicago, IL, 60640",41.961804,-87.665652,"$1,760–$2,250",2 - 3 bed,1 - 2 ba,918 - 1122 sq ft,"Pet Friendly, Air Conditioning"
2970 N Sheridan Apartments,"2970 N Sheridan Rd, Chicago, IL, 60657",41.936381,-87.639731,"$965–$2,250",0 - 1 bed,1 - 1 ba,292 - 476 sq ft,"Pet Friendly, Utilities Included"
8 East Huron Apartments,"8 E Huron St, Chicago, IL, 60611",41.89512,-87.627761,"$2,525–$6,895",1 - 2 bed,1 - 2 ba,540 - 1460 sq ft,"Pet Friendly, Parking Available, Air Conditioning, In-unit Laundry, Utilities Included"
455 W Wellington Apartments,"455 W Wellington Ave, Chicago, IL, 60657",41.936452,-87.641418,"$1,199–$1,665",0 - 1 bed,1 - 1 ba,400 - 580 sq ft,"Pet Friendly, Parking Available, Air Conditioning"
Lakeview 3200 Apartments,"3218 N Clark St, Chicago, IL, 60657",41.940383,-87.651219,"$2,135–$3,330",1 - 2 bed,1 - 2 ba,620 - 1264 sq ft,"Pet Friendly, Parking Available, Air Conditioning, In-unit Laundry, Utilities Included"
"1 bedroom Apartment, Noble Square","1425 W Augusta Blvd #01, Chicago, IL, 60642",41.899584,-87.66353,"$1,700",1 Bed,1 Bath,4 sq ft,"Air Conditioning, In-unit Laundry"
"1 bedroom Apartment, Logan Square","2211 N Milwaukee Ave #408, Chicago, IL, 60647",41.921296,-87.694081,"$2,100",1 Bed,1 Bath,4 sq ft,"Pet Friendly, Parking Available, Air Conditioning, In-unit Laundry"
Sheridan Tower Apartments,"5650 N Sheridan Rd, Chicago, IL, 60660",41.985226,-87.655655,"$1,130–$2,395",0 - 1 bed,1 - 1 ba,600 - 825 sq ft,"Pet Friendly, Parking Available, Air Conditioning, Utilities Included"
ReNew Downers Grove Apartments,"2845  Easton St, Downers Grove, IL, 60515",41.836066,-88.032411,"$1,365–$3,795",0 - 2 bed,1 - 2 ba,507 - 1735 sq ft,"Pet Friendly, Parking Available, Air Conditioning, In-unit Laundry"
632 West Addison Apartments,"632 W Addison St, Chicago, IL, 60657",41.947525,-87.646791,"$1,071–$2,142",0 - 2 bed,1 - 1 ba,425 - 860 sq ft,"Pet Friendly, Parking Available"
2756 N. Pine Grove Apartments,"2756 N Pine Grove Ave, Chicago, IL, 60614",41.932656,-87.641441,"$1,585–$2,231",1 - 2 bed,1 - 1 ba,590 - 855 sq ft,"Pet Friendly, Air Conditioning"
5049 S Drexel Apartments,"5049 S Drexel Blvd, Chicago, IL, 60615",41.802519,-87.603402,"$1,195–$1,979",1 - 1 bed,1 - 1 ba,660 - 750 sq ft,"Pet Friendly, Parking Available"
4721 South Ellis Apartments,"4721-29 S Ellis Ave, Chicago, IL, 60615",41.80883,-87.601025,"$884–$1,640",0 - 1 bed,1 - 1 ba,266 - 445 sq ft,"Pet Friendly, Utilities Included"
Hamilton Place Apartments,"6820 N Hamilton Ave, Chicago, IL, 60645",42.005893,-87.684144,"$1,185",1 - 1 bed,1 - 1 ba,850 - 850 sq ft,"Pet Friendly, Air Conditioning"
"1 bedroom Apartment, Hyde Park","5454 S Shore Dr #1213, Chicago, IL, 60615",41.796441,-87.581673,"$2,075",1 Bed,1 Bath,788 sq ft,"Pet Friendly, Parking Available, Air Conditioning, In-unit Laundry"
500 W. Fullerton Apartments,"500 W Fullerton Pkwy, Chicago, IL, 60614",41.925718,-87.641287,"$1,085–$1,195",0 - 0 bed,1 - 1 ba,310 - 310 sq ft,"Pet Friendly, Utilities Included"
5300-5308 S. Hyde Park Apartments,"5300 S Hyde Park Blvd, Chicago, IL, 60615",41.799294,-87.584444,"$1,055–$2,538",0 - 2 bed,1 - 1 ba,365 - 940 sq ft,"Pet Friendly, Parking Available"
"1 bedroom Condo, Lincoln Park","1760 W Wrightwood Ave #103, Chicago, IL, 60614",41.928923,-87.672675,"$2,750",1 Bed,1 Bath,964 sq ft,"Pet Friendly, Parking Available, Air Conditioning, In-unit Laundry"
515 West Briar Apartments,"515 W Briar Pl, Chicago, IL, 60657",41.938703,-87.643245,"$1,189–$1,539",0 - 1 bed,1 - 1 ba,425 - 570 sq ft,Pet Friendly
5552-5560 N. Lakewood Apartments,"5552-60 N Lakewood Ave, Chicago, IL, 60640",41.983372,-87.662575,$995,0 - 0 bed,1 - 1 ba,400 - 400 sq ft,"Pet Friendly, Utilities Included"
"1 bedroom Apartment, Lakeview","2932 N Clark St #1B, Chicago, IL, 60657",41.935713,-87.647479,"$1,395",1 Bed,1 Bath,730 sq ft,"Pet Friendly, Parking Available, Air Conditioning"
The Sutherland Apartments,"4659 S Drexel Blvd, Chicago, IL, 60653",41.809856,-87.603334,"$1,117–$2,503",0 - 1 bed,1 - 1 ba,357 - 645 sq ft,"Pet Friendly, Parking Available, Utilities Included"
AMLI Evanston Apartments,"737  Chicago Ave, Evanston, IL, 60202",42.031518,-87.67874,"$1,793–$3,076",0 - 1 bed,1 - 1 ba,500 - 1004 sq ft,"Pet Friendly, Parking Available, Air Conditioning, In-unit Laundry"
"1 bedroom Apartment, Albany Park","3132 W Carmen Ave #3A, Chicago, IL, 60625",41.974305,-87.7076,$890,1 Bed,1 Bath,560 sq ft,"Pet Friendly, Parking Available, Air Conditioning, Utilities Included"
X Chicago Apartments,"710 W 14th St, Chicago, IL, 60607",41.863577,-87.645535,"$1,079–$2,750",1 - 2 bed,1 - 2 ba,319 - 1175 sq ft,"Pet Friendly, Parking Available, Air Conditioning, In-unit Laundry, Utilities Included"
"1 bedroom Apartment, Edgewater","5322 N Glenwood Ave #1, Chicago, IL, 60640",41.978865,-87.664967,"$1,720",1 Bed,1 Bath,1000 sq ft,"Pet Friendly, Utilities Included"
1940 North Lincoln Apartments,"1940 N Lincoln Ave, Chicago, IL, 60614",41.918437,-87.638976,"$1,174–$1,398",0 - 0 bed,1 - 1 ba,275 - 300 sq ft,Pet Friendly
5400-5406 S Maryland Apartments,"5400 S Maryland Ave, Chicago, IL, 60615",41.79663,-87.60536,"$1,500–$3,531",2 - 4 bed,1 - 1 ba,605 - 915 sq ft,Pet Friendly
The Pepperland Apartments,"1509 E 57th St, Chicago, IL, 60637",41.791395,-87.588638,"$2,100–$3,285",3 - 3 bed,1 - 1 ba,965 - 1042 sq ft,Pet Friendly
The Chatelaine Apartments,"215 E Chestnut St, Chicago, IL, 60611",41.898304,-87.621219,"$2,110",1 - 1 bed,1 - 1 ba,725 - 725 sq ft,"Pet Friendly, Air Conditioning, Utilities Included"
5715-5725 S. Kimbark Avenue Apartments,"5715 S Kimbark Ave, Chicago, IL, 60637",41.790837,-87.594701,"$3,500–$5,000",3 - 3 bed,1 - 1 ba,1682 - 1682 sq ft,Pet Friendly
5034-5046 S Woodlawn Apartments,"5034 S Woodlawn Ave, Chicago, IL, 60615",41.802724,-87.596975,"$1,350–$2,612",1 - 3 bed,1 - 1 ba,785 - 1187 sq ft,"Pet Friendly, Parking Available"
Fifteen98 Naperville Apartments,"1598  Fairway Dr, Naperville, IL, 60563",41.794268,-88.216291,"$1,290–$1,820",1 - 2 bed,1 - 2 ba,714 - 1010 sq ft,"Pet Friendly, Parking Available, Air Conditioning, In-unit Laundry"
5528-5532 South Everett Apartments,"5528-5532 S Everett Ave, Chicago, IL, 60637",41.794342,-87.582951,"$975–$1,686",0 - 1 bed,1 - 1 ba,352 - 556 sq ft,Pet Friendly
1255 W. Bryn Mawr Apartments,"1255 W Bryn Mawr Ave, Chicago, IL, 60660",41.983573,-87.662179,"$845–$1,090",0 - 1 bed,1 - 1 ba,260 - 455 sq ft,"Pet Friendly, Utilities Included"
"1 bedroom Condo, Lincoln Park","2128 N Hudson Ave #403, Chicago, IL, 60614",41.920987,-87.640394,"$1,975",1 Bed,1 Bath,5 sq ft,"Air Conditioning, In-unit Laundry"
"1 bedroom Condo, West Loop","770 W Gladys Ave #06, Chicago, IL, 60661",41.8775,-87.646773,"$2,700",1 Bed,1 Bath,750 sq ft,"Parking Available, Air Conditioning, In-unit Laundry, Utilities Included"
The Sovereign Apartments,"1040 W Granville Ave, Chicago, IL, 60660",41.995001,-87.657304,"$810–$1,390",0 - 1 bed,1 - 1 ba,290 - 675 sq ft,"Pet Friendly, Parking Available, Air Conditioning, Utilities Included"
"1 bedroom Apartment, South Loop","800 S Wells St #1002, Chicago, IL, 60607",41.871556,-87.634138,"$1,890",1 Bed,1 Bath,653 sq ft,"Pet Friendly, Parking Available, Air Conditioning, In-unit Laundry, Utilities Included"
East Park Tower Apartments,"5242 S Hyde Park Blvd, Chicago, IL, 60615",41.799903,-87.584519,"$1,095–$2,693",0 - 1 bed,1 - 1 ba,398 - 900 sq ft,"Pet Friendly, Parking Available, Utilities Included"
544 West Melrose Apartments,"544 W Melrose St, Chicago, IL, 60657",41.941225,-87.643805,"$1,138–$1,686",0 - 1 bed,1 - 1 ba,300 - 525 sq ft,"Pet Friendly, Parking Available, Air Conditioning"
3510 N Pine Grove Apartments,"3510 N Pine Grove Ave, Chicago, IL, 60657",41.946372,-87.645197,"$1,165–$1,550",0 - 1 bed,1 - 1 ba,330 - 615 sq ft,"Pet Friendly, Parking Available, Air Conditioning"
"1 bedroom Apartment, Uptown","1250 W Montrose Ave #111, Chicago, IL, 60640",41.961856,-87.661522,"$1,250",1 Bed,1 Bath,3 sq ft,"Pet Friendly, Parking Available, Utilities Included"
Barrington Lakes Apartments,"2200  Hassell Rd, Hoffman Estates, IL, 60169",42.06198,-88.132354,"$925–$1,900",0 - 3 bed,1 - 2 ba,440 - 1400 sq ft,"Pet Friendly, Parking Available, Air Conditioning, Utilities Included"
The Kenmore on Edgewater Apartments,"5860 N Kenmore Ave, Chicago, IL, 60660",41.989263,-87.656831,"$975–$1,425",0 - 1 bed,1 - 1 ba,290 - 550 sq ft,"Pet Friendly, Parking Available, Utilities Included"
The Villages of Eastlake #7736 Apartments,"7736 N Eastlake Terrace, Chicago, IL, 60626",42.021867,-87.665773,"$1,325–$1,795",1 - 2 bed,1 - 1 ba,540 - 715 sq ft,"Pet Friendly, Utilities Included"
"1 bedroom Apartment, Uptown","4404 N Magnolia Ave #410, Chicago, IL, 60640",41.961855,-87.661302,"$1,250",1 Bed,1 Bath,4 sq ft,"Pet Friendly, Utilities Included"
"1 bedroom Apartment, Logan Square","2636 N Avers Ave #GARDN, Chicago, IL, 60647",41.929339,-87.723476,"$1,195",1 Bed,1 Bath,750 sq ft,"Pet Friendly, Air Conditioning, Utilities Included"
Hancock Square at Arlington Station Apartments,"200 N Arlington Heights Rd, Arlington Heights, IL, 60004",42.084366,-87.980844,"$1,505–$3,947",0 - 2 bed,1 - 2 ba,608 - 1128 sq ft,"Pet Friendly, Parking Available, In-unit Laundry"
536 West Addison Apartments,"536 W Addison St, Chicago, IL, 60613",41.948104,-87.64531,"$1,169–$1,599",0 - 1 bed,1 - 1 ba,360 - 635 sq ft,"Pet Friendly, Parking Available, Air Conditioning"
"1 bedroom Condo, River North","630 N Franklin St #610, Chicago, IL, 60654",41.893409,-87.636225,"$1,900",1 Bed,1 Bath,712 sq ft,"Pet Friendly, Parking Available, Air Conditioning, In-unit Laundry, Utilities Included"
"1 bedroom Apartment, Wicker Park","1532 N Greenview Ave #2-F, Chicago, IL, 60657",41.90984,-87.665541,"$1,700",1 Bed + den,1 Bath,750 sq ft,"Pet Friendly, Air Conditioning, In-unit Laundry"
Clarendon Shores Apartments,"4750 N Clarendon Ave, Chicago, IL, 60640",41.968904,-87.650106,"$1,215–$1,245",1 - 1 bed,1 - 1 ba,575 - 650 sq ft,"Pet Friendly, Parking Available"
1360-64 E. 52nd St Apartments,"1360-1364 E 52nd St, Chicago, IL, 60615",41.801267,-87.592715,"$1,715",2 - 2 bed,1 - 1 ba,930 - 930 sq ft,"Pet Friendly, Utilities Included"
River North Park Apartments,"320 W Illinois St, Chicago, IL, 60654",41.890883,-87.636488,"$1,505–$4,080",0 - 2 bed,1 - 2 ba,430 - 1181 sq ft,"Pet Friendly, Parking Available, In-unit Laundry, Utilities Included"
5300 South Drexel Apartments,"5300 S Drexel Ave, Chicago, IL, 60615",41.798414,-87.604261,"$1,250–$2,885",1 - 2 bed,1 - 1 ba,514 - 693 sq ft,"Pet Friendly, Parking Available"
Ridge & Magnolia Apartments,"5634-42 N Magnolia Ave, Chicago, IL, 60660",41.98447,-87.661417,$880,0 - 0 bed,1 - 1 ba,417 - 417 sq ft,"Pet Friendly, Utilities Included"
525 W. Cornelia / 520 W. Stratford Apartments,"525 W Cornelia Ave, Chicago, IL, 60657",41.946299,-87.643437,$955,0 - 0 bed,1 - 1 ba,350 - 350 sq ft,"Pet Friendly, Utilities Included"
Cornell Terrace Apartments,"5430 S Cornell Ave, Chicago, IL, 60615",41.797171,-87.586015,"$1,220–$1,831",1 - 1 bed,1 - 1 ba,415 - 415 sq ft,"Pet Friendly, Parking Available"
5320 South Drexel Apartments,"5320 S Drexel Blvd, Chicago, IL, 60615",41.797979,-87.604187,"$1,600–$2,515",2 - 2 bed,1 - 1 ba,643 - 643 sq ft,Pet Friendly
The Blackwood Apartments,"5200 S Blackstone Ave, Chicago, IL, 60615",41.800753,-87.590718,"$1,330–$2,938",1 - 2 bed,1 - 2 ba,450 - 900 sq ft,"Pet Friendly, Parking Available"
420 W Melrose Apartments,"420 W Melrose St, Chicago, IL, 60657",41.941374,-87.640345,"$1,040",0 - 0 bed,1 - 1 ba,275 - 275 sq ft,"Pet Friendly, Utilities Included"
"1 bedroom Condo, Lakeview","3201 N Seminary Ave #999, Chicago, IL, 60657",41.940202,-87.656228,"$2,200",1 Bed,1 Bath,900 sq ft,"Parking Available, Air Conditioning, In-unit Laundry"
450 West Melrose Apartments,"450 W Melrose St, Chicago, IL, 60657",41.94117,-87.64156,"$1,165–$1,513",0 - 1 bed,1 - 1 ba,370 - 650 sq ft,"Pet Friendly, Parking Available, Air Conditioning"
777 South State Apartments,"2 E 8th St, Chicago, IL, 60605",41.871976,-87.627172,"$1,595–$6,975",0 - 2 bed,1 - 2 ba,480 - 2095 sq ft,"Pet Friendly, Parking Available, Air Conditioning"
"1 bedroom Apartment, Printer's Row","619 S Lasalle St #203, Chicago, IL, 60605",41.87398,-87.631364,"$1,695",1 Bed,1 Bath,600 sq ft,"Pet Friendly, Parking Available, Air Conditioning, In-unit Laundry"
"1 bedroom Apartment, Printer's Row","619 S Lasalle St #204, Chicago, IL, 60605",41.87398,-87.631364,"$1,695",1 Bed,1 Bath,650 sq ft,"Pet Friendly, Parking Available, Air Conditioning, In-unit Laundry"
Circa 922 Apartments,"922 W Washington Blvd, Chicago, IL, 60607",41.883349,-87.650911,"$1,876–$5,235",0 - 3 bed,1 - 2 ba,515 - 1537 sq ft,"Pet Friendly, Parking Available, Air Conditioning, In-unit Laundry"
Ellis Court Apartments,"5301-5309 S Ellis Ave, Chicago, IL, 60615",41.799193,-87.601034,"$1,000–$2,464",0 - 1 bed,1 - 1 ba,280 - 640 sq ft,Pet Friendly
"1 bedroom Condo, Albany Park","4748 N Albany Ave #3, Chicago, IL, 60625",41.968218,-87.706277,"$1,100",1 Bed,1 Bath,600 sq ft,"Air Conditioning, In-unit Laundry"
"1 bedroom Apartment, East Village","1818 W Race St #1, Chicago, IL, 60622",41.891848,-87.67288,"$1,495",1 Bed,1 Bath,1000 sq ft,"Pet Friendly, Air Conditioning, In-unit Laundry"
Buena Shores Apartments,"833 W Buena Ave, Chicago, IL, 60613",41.958293,-87.6512,"$1,310–$1,900",1 - 3 bed,1 - 1 ba,525 - 700 sq ft,"Pet Friendly, Parking Available, Air Conditioning"
"1 bedroom Condo, River North","600 N Dearborn St #1806, Chicago, IL, 60654",41.892539,-87.629662,"$2,450",1 Bed,1 Bath,795 sq ft,"Pet Friendly, Parking Available, Air Conditioning, In-unit Laundry"
"1 bedroom Condo, East Village","1610 W Augusta Blvd #3-E, Chicago, IL, 60622",41.899883,-87.667862,"$1,450",1 Bed,1 Bath,1300 sq ft,"Parking Available, Air Conditioning, In-unit Laundry, Utilities Included"
"1 bedroom Apartment, Gold Coast","805 N Lasalle Dr #1201, Chicago, IL, 60610",41.896833,-87.632331,"$2,192",1 Bed,1 Bath,725 sq ft,"Pet Friendly, Air Conditioning, In-unit Laundry, Utilities Included"
Maple Court Apartments,"1120-1126 E 47th St, Chicago, IL, 60615",41.809645,-87.598115,"$1,100–$2,061",1 - 1 bed,1 - 1 ba,452 - 622 sq ft,"Pet Friendly, Utilities Included"
430-446 West  Diversey Apartments,"430-446 W Diversey Pkwy, Chicago, IL, 60614",41.933057,-87.640639,"$1,233–$1,699",0 - 1 bed,1 - 1 ba,425 - 700 sq ft,Pet Friendly
"1 bedroom Condo, Gold Coast","100 E Walton St #35E, Chicago, IL, 60611",41.90025,-87.625078,"$2,300",1 Bed,1 Bath,750 sq ft,"Pet Friendly, Air Conditioning, Utilities Included"
5120 South Hyde Park Apartments,"5120 S Hyde Park Blvd, Chicago, IL, 60615",41.801825,-87.585263,"$960–$2,347",0 - 2 bed,1 - 1 ba,303 - 1104 sq ft,"Pet Friendly, Parking Available, Utilities Included"
2738 N Pine Grove Apartments,"2738 N Pine Grove Ave, Chicago, IL, 60614",41.931926,-87.641272,"$915–$1,335",0 - 1 bed,1 - 1 ba,320 - 600 sq ft,"Pet Friendly, Utilities Included"
"1 bedroom Apartment, Avondale","2941 W Belmont Ave #2R, Chicago, IL, 60618",41.939175,-87.701962,"$1,450",1 Bed,1 Bath,900 sq ft,"Pet Friendly, Air Conditioning"
5415 South Woodlawn Apartments,"5415 S Woodlawn Ave, Chicago, IL, 60615",41.797316,-87.595912,"$1,525–$2,509",2 - 2 bed,1 - 1 ba,617 - 716 sq ft,Pet Friendly
AMLI at Seven Bridges Apartments,"6466  Double Eagle Dr, Woodridge, IL, 60517",41.76606,-88.071355,"$1,248–$2,969",1 - 2 bed,1 - 2 ba,684 - 1295 sq ft,"Pet Friendly, Parking Available, Air Conditioning, In-unit Laundry"
City Hyde Park Apartments,"5105 S Harper Ave, Chicago, IL, 60615",41.802283,-87.589135,"$1,995–$6,246",1 - 3 bed,1 - 2 ba,611 - 1480 sq ft,"Pet Friendly, Parking Available, Air Conditioning, In-unit Laundry, Utilities Included"
5416 South Woodlawn Apartments,"5416 S Woodlawn Ave, Chicago, IL, 60615",41.797416,-87.596917,"$1,825–$3,793",2 - 2 bed,1 - 1 ba,785 - 1000 sq ft,Pet Friendly
Retreat at Seven Bridges Apartments,"6690  Double Eagle Dr, Woodridge, IL, 60517",41.76359,-88.071073,"$1,470–$3,320",0 - 3 bed,1 - 2 ba,650 - 1400 sq ft,"Pet Friendly, In-unit Laundry"
14 West Elm Apartments,"14 W Elm St, Chicago, IL, 60610",41.90327,-87.629214,"$1,295–$1,795",0 - 1 bed,1 - 1 ba,390 - 675 sq ft,"Pet Friendly, Air Conditioning, Utilities Included"
Woodlawn Court Apartments,"5218-5228 S Woodlawn Ave, Chicago, IL, 60615",41.800227,-87.597374,"$1,765–$2,784",2 - 2 bed,1 - 1 ba,800 - 800 sq ft,"Pet Friendly, Parking Available"
439 W Melrose Apartments,"439 W Melrose St, Chicago, IL, 60657",41.940858,-87.641241,"$1,997–$2,497",1 - 1 bed,1 - 1 ba,800 - 1000 sq ft,"Pet Friendly, Parking Available, In-unit Laundry, Utilities Included"
Shoreland Apartments,"5454 S Shore Dr, Chicago, IL, 60615",41.796243,-87.581747,"$1,275–$9,337",0 - 3 bed,1 - 2 ba,429 - 1508 sq ft,"Pet Friendly, Parking Available, In-unit Laundry, Utilities Included"
1101 E Hyde Park Apartments,"1101 E Hyde Park Blvd, Chicago, IL, 60615",41.802064,-87.599538,"$1,350–$2,609",1 - 1 bed,1 - 1 ba,716 - 728 sq ft,"Pet Friendly, Parking Available"
Thornberry Woods Apartments,"7501  Gladstone Dr, Naperville, IL, 60565",41.74994,-88.081727,"$1,383–$2,374",1 - 1 bed,1 - 1 ba,780 - 896 sq ft,"Pet Friendly, Parking Available, In-unit Laundry"
440 W Barry Apartments,"440 W Barry Ave, Chicago, IL, 60657",41.937907,-87.641146,"$1,190–$1,395",1 - 1 bed,1 - 1 ba,446 - 472 sq ft,"Pet Friendly, Parking Available, Utilities Included"
5326-5336 S. Greenwood Avenue Apartments,"5326 S Greenwood Ave, Chicago, IL, 60615",41.798534,-87.600154,"$1,415–$4,019",1 - 3 bed,1 - 2 ba,535 - 881 sq ft,Pet Friendly
"1 bedroom Apartment, Lincoln Park","2345 N Lincoln Ave #1008, Chicago, IL, 60614",41.924998,-87.647079,"$2,405",1 Bed,1 Bath,777 sq ft,"Pet Friendly, Air Conditioning, In-unit Laundry"
"1 bedroom Condo, South Loop","633 S Plymouth Ct #508, Chicago, IL, 60605",41.873458,-87.628433,"$1,850",1 Bed,1 Bath,1100 sq ft,"Pet Friendly, Air Conditioning, Utilities Included"
"1 bedroom Apartment, Pilsen","1026 W 20th Pl #1R, Chicago, IL, 60608",41.854695,-87.652564,"$1,270",1 Bed,1 Bath,500 sq ft,In-unit Laundry
"1 bedroom Apartment, Printer's Row","680 S Federal St #905, Chicago, IL, 60605",41.873284,-87.629905,"$1,600",1 Bed,1 Bath,960 sq ft,"Air Conditioning, Utilities Included"
"1 bedroom Condo, Avondale","3963 W Belmont Ave #404, Chicago, IL, 60618",41.938869,-87.726535,"$1,800",1 Bed,1 Bath,750 sq ft,"Pet Friendly, Parking Available, Air Conditioning, In-unit Laundry"
"1 bedroom Apartment, Logan Square","2342 N Spaulding Ave #204, Chicago, IL, 60647",41.924187,-87.710701,"$1,270",1 Bed,1 Bath,608 sq ft,Utilities Included
"1 bedroom Condo, Lakeview","3950 N Lake Shore Dr #1012C, Chicago, IL, 60613",41.954247,-87.645858,"$1,600",1 Bed,1 Bath,900 sq ft,"Air Conditioning, Utilities Included"
"1 bedroom Apartment, Edgewater","5653 N Magnolia Ave #W3, Chicago, IL, 60660",41.98515,-87.661185,"$1,425",1 Bed,1 Bath,650 sq ft,"Pet Friendly, Air Conditioning, In-unit Laundry"
"1 bedroom Condo, Bowmanville","5210 N Wolcott Ave #02, Chicago, IL, 60640",41.976325,-87.676649,"$1,850",1 Bed,1 Bath,5 sq ft,"Air Conditioning, In-unit Laundry, Utilities Included"
"1 bedroom Apartment, Lakeview","3508 N Paulina St #02, Chicago, IL, 60657",41.945495,-87.671519,"$1,545",1 Bed,1 Bath,5 sq ft,"Air Conditioning, Utilities Included"
"1 bedroom Apartment, Irving Park","4327 N Avers Ave #GARDN, Chicago, IL, 60618",41.959975,-87.723784,"$1,150",1 Bed,1 Bath,550 sq ft,"Pet Friendly, Air Conditioning, Utilities Included"
"1 bedroom Apartment, Ravenswood","2018 W Ainslie St #1, Chicago, IL, 60625",41.970703,-87.68004,"$1,350",1 Bed,1 Bath,5 sq ft,"Pet Friendly, Air Conditioning, Utilities Included"
"1 bedroom Apartment, Lakeview","3639 N Paulina St #CH1, Chicago, IL, 60613",41.948158,-87.671066,"$1,250",1 Bed,1 Bath,5 sq ft,"Pet Friendly, In-unit Laundry"
"1 bedroom Apartment, Lakeview","1636 W Grace St #02, Chicago, IL, 60613",41.950724,-87.670478,"$1,850",1 Bed,1 Bath,5 sq ft,"Pet Friendly, Air Conditioning, In-unit Laundry, Utilities Included"
"1 bedroom Apartment, Edgewater","1314 W Rosedale Ave #G, Evanston, IL, 60660",41.989262,-87.663334,"$1,200",1 Bed,1 Bath,1000 sq ft,"Pet Friendly, In-unit Laundry, Utilities Included"
"1 bedroom Apartment, Arlington Heights","3401  Payton Pl #ID592, Arlington Heights, IL, 60005",42.089504,-88.022783,"$1,990",1 Bed,1 Bath,768 sq ft,"Pet Friendly, Air Conditioning, In-unit Laundry"
"1 bedroom Condo, Lincoln Park","510 W Fullerton Pkwy #209, Chicago, IL, 60614",41.925894,-87.642023,"$1,650",1 Bed,1 Bath,750 sq ft,"Parking Available, Air Conditioning, Utilities Included"
"1 bedroom Apartment, West Ridge","6905 N Western Ave #2-N, Chicago, IL, 60645",42.006481,-87.689775,"$1,150",1 Bed,1 Bath,4 sq ft,Utilities Included
"1 bedroom Condo, Edgewater","1354 W Bryn Mawr Ave #Apt G, Chicago, IL, 60660",41.983812,-87.664668,"$1,400",1 Bed + den,1 Bath,5 sq ft,"Pet Friendly, Air Conditioning, In-unit Laundry"
"1 bedroom Apartment, West Loop","1250 W Van Buren St #213, Chicago, IL, 60607",41.876717,-87.65896,"$2,250",1 Bed,1 Bath,1000 sq ft,"Parking Available, Air Conditioning, In-unit Laundry"
"1 bedroom Apartment, Lakeview","756 W Wellington Ave #3-A, Chicago, IL, 60657",41.936515,-87.648958,"$1,395",1 Bed,1 Bath,688 sq ft,"Pet Friendly, Air Conditioning"
"1 bedroom Apartment, Uptown","1232 W Winona St #2S, Chicago, IL, 60640",41.975615,-87.661119,"$1,270",1 Bed,1 Bath,4 sq ft,"Pet Friendly, Utilities Included"
"1 bedroom Apartment, Lakeview","608 W Belmont Ave #3E, Chicago, IL, 60657",41.94025,-87.645047,"$1,595",1 Bed,1 Bath,758 sq ft,"Pet Friendly, Air Conditioning, In-unit Laundry, Utilities Included"
"1 bedroom Apartment, Lakeview","1301 W Fletcher St #104, Chicago, IL, 60657",41.93878,-87.662104,"$1,445",1 Bed,1 Bath,615 sq ft,"Pet Friendly, Parking Available, Air Conditioning"
"1 bedroom Apartment, Lakeview","1301 W Roscoe St #03, Chicago, IL, 60657",41.943292,-87.661817,"$1,695",1 Bed,1 Bath,900 sq ft,"Air Conditioning, Utilities Included"
"1 bedroom Apartment, Gold Coast","10 W Elm St #Apt 8, Chicago, IL, 60610",41.903275,-87.62845,"$1,945",1 Bed,1 Bath,1000 sq ft,"Parking Available, Air Conditioning, Utilities Included"
"1 bedroom Apartment, Lincoln Square","2704 W Gunnison St #3, Chicago, IL, 60625",41.969801,-87.696694,"$1,250",1 Bed,1 Bath,5 sq ft,"Pet Friendly, Air Conditioning, Utilities Included"
"1 bedroom Apartment, Gold Coast","10 W Elm St #02, Chicago, IL, 60610",41.903362,-87.628961,"$1,895",1 Bed,1 Bath,1000 sq ft,"Air Conditioning, Utilities Included"
"1 bedroom Apartment, Wrigleyville","3549 N Racine Ave #3, Chicago, IL, 60657",41.946729,-87.659042,"$1,350",1 Bed,1 Bath,650 sq ft,"Pet Friendly, Utilities Included"
"1 bedroom Apartment, Ravenswood","1610 W Sunnyside Ave #3w, Chicago, IL, 60640",41.963645,-87.669918,"$1,215",1 Bed,1 Bath,3 sq ft,"Pet Friendly, Utilities Included"
"1 bedroom Apartment, Bucktown","1641 N Oakley Ave #Coach, Chicago, IL, 60647",41.911559,-87.684562,"$1,900",1 Bed,1 Bath,4 sq ft,Air Conditioning
"1 bedroom Apartment, River North","166 W Grand Ave #2-A, Chicago, IL, 60654",41.891819,-87.633639,"$2,000",1 Bed,1 Bath,900 sq ft,"Pet Friendly, Air Conditioning, In-unit Laundry"
"1 bedroom Apartment, River North","166 W Grand Ave #3B, Chicago, IL, 60654",41.891819,-87.633639,"$1,950",1 Bed,1 Bath,900 sq ft,"Pet Friendly, Air Conditioning, In-unit Laundry"
"1 bedroom Apartment, Gold Coast","833 N Clark St #802, Chicago, IL, 60610",41.897425,-87.630895,"$2,500",1 Bed,1 Bath,6 sq ft,"Air Conditioning, In-unit Laundry, Utilities Included"
"1 bedroom Condo, Buena Park","4180 N Marine Dr #711, Chicago, IL, 60613",41.958119,-87.646864,"$1,250",1 Bed,1 Bath,700 sq ft,"Air Conditioning, Utilities Included"
"1 bedroom Apartment, University Village","903 S Ashland Ave #502, Chicago, IL, 60607",41.870174,-87.665588,"$1,500",1 Bed,1 Bath,723 sq ft,"Air Conditioning, Utilities Included"
"1 bedroom Apartment, Humboldt Park","1918 N Ridgeway Ave #03, Chicago, IL, 60647",41.916042,-87.720668,"$1,525",1 Bed,1 Bath,800 sq ft,"Pet Friendly, Air Conditioning, Utilities Included"
"1 bedroom Apartment, Lakeview","1301 W Fletcher St #205, Chicago, IL, 60657",41.938778,-87.662094,"$1,495",1 Bed,1 Bath,638 sq ft,"Pet Friendly, Air Conditioning"
"1 bedroom Apartment, Logan Square","2197 N Rockwell St #3, Chicago, IL, 60647",41.921825,-87.692505,"$1,050",1 Bed + den,1 Bath,1200 sq ft,"Air Conditioning, In-unit Laundry"
"1 bedroom Apartment, Lakeview","450 W Belmont Ave #ID181, Chicago, IL, 60657",41.940411,-87.641498,"$3,650",1 Bed,1 Bath,655 sq ft,"Pet Friendly, Air Conditioning, In-unit Laundry"
"1 bedroom Apartment, Streeterville","420 E Ohio St #ID586, Chicago, IL, 60611",41.892865,-87.616517,"$3,000",1 Bed,1 Bath,895 sq ft,"Pet Friendly, Air Conditioning, In-unit Laundry"
"1 bedroom Apartment, Chicago Loop","210 N Wells St #ID219, Chicago, IL, 60606",41.886081,-87.634222,"$2,790",1 Bed,1 Bath,837 sq ft,"Pet Friendly, Parking Available, Air Conditioning, In-unit Laundry"
"1 bedroom Apartment, Lincoln Park","2345 N Lincoln Ave #1204, Chicago, IL, 60614",41.924998,-87.647079,"$3,000",1 Bed,1 Bath,777 sq ft,"Pet Friendly, Parking Available, Air Conditioning, In-unit Laundry, Utilities Included"
"1 bedroom Condo, Ravenswood","4445 N Paulina St #C-1, Chicago, IL, 60640",41.962972,-87.67039,"$1,700",1 Bed,1 Bath,775 sq ft,"Air Conditioning, In-unit Laundry"
"1 bedroom Condo, Lincoln Park","1421 N Halsted St #1S, Chicago, IL, 60642",41.907058,-87.647906,"$1,700",1 Bed,1 Bath,700 sq ft,"Pet Friendly, Parking Available, Air Conditioning, In-unit Laundry"
"1 bedroom Apartment, West Loop","180 N Jefferson St #1310, Chicago, IL, 60661",41.885391,-87.643392,"$2,259",1 Bed,1 Bath,800 sq ft,"Pet Friendly, Parking Available, Air Conditioning, In-unit Laundry"
"1 bedroom Condo, Rogers Park","6619 N Sheridan Ave #502, Chicago, IL, 60626",42.003156,-87.660413,"$1,200",1 Bed,1 Bath,700 sq ft,"Parking Available, Air Conditioning, Utilities Included"
"1 bedroom Apartment, Lakeview","530 W Surf St #212, Chicago, IL, 60657",41.934451,-87.642839,"$1,995",1 Bed,1 Bath,4 sq ft,"Pet Friendly, Parking Available, Air Conditioning, In-unit Laundry"
"1 bedroom Apartment, Near West Side","1857 W Grand Ave #1F, Chicago, IL, 60622",41.890729,-87.674198,"$1,200",1 Bed,1 Bath,600 sq ft,"Pet Friendly, Air Conditioning"
"1 bedroom Apartment, Lakeview","445 W Wellington Ave #2-D, Chicago, IL, 60657",41.936426,-87.641065,"$1,875",1 Bed,1 Bath,4 sq ft,"Pet Friendly, Parking Available, Air Conditioning, Utilities Included"
"1 bedroom Apartment, Lakeview","425 W Roscoe St #409, Chicago, IL, 60657",41.943347,-87.641433,"$1,295",1 Bed,1 Bath,4 sq ft,Pet Friendly
"1 bedroom Apartment, Ravenswood","2112 W Ainslie St #1-W, Chicago, IL, 60625",41.97063,-87.682199,"$1,495",1 Bed,1 Bath,4 sq ft,"Pet Friendly, Utilities Included"
"1 bedroom Condo, Lincoln Park","2400 N Lakeview Ave #1003, Chicago, IL, 60614",41.925868,-87.639337,"$2,325",1 Bed,1 Bath,5 sq ft,"Pet Friendly, Parking Available, Air Conditioning, Utilities Included"
"1 bedroom Apartment, Uptown","4752 N Racine Ave #307, Chicago, IL, 60640",41.968678,-87.659796,"$1,495",1 Bed,1 Bath,4 sq ft,"Pet Friendly, Air Conditioning"
"1 bedroom Apartment, Bucktown","1900 W North Ave #3R, Chicago, IL, 60622",41.91071,-87.675203,"$2,300",1 Bed,1 Bath,700 sq ft,"Air Conditioning, In-unit Laundry"
"1 bedroom Apartment, South Loop","777 S State St #1914, Chicago, IL, 60605",41.872036,-87.62721,"$1,595",1 Bed,1 Bath,4 sq ft,"Pet Friendly, Air Conditioning"
"1 bedroom Condo, South Loop","1600 S Indiana Ave #1202, Chicago, IL, 60616",41.859895,-87.623009,"$2,000",1 Bed,1 Bath,800 sq ft,"Parking Available, Air Conditioning, In-unit Laundry, Utilities Included"
"1 bedroom Apartment, Humboldt Park","1825 N Washtenaw Ave #3F, Chicago, IL, 60647",41.914649,-87.694407,"$1,850",1 Bed + den,1 Bath,700 sq ft,"Pet Friendly, Air Conditioning"
"1 bedroom Condo, Lincoln Park","2650 N Lakeview Ave #3004, Chicago, IL, 60614",41.930931,-87.63996,"$1,750",1 Bed,1 Bath,663 sq ft,"Parking Available, Air Conditioning, Utilities Included"
"1 bedroom Apartment, Rogers Park","1251 W Columbia Ave #3-R, Chicago, IL, 60626",42.004224,-87.662872,"$1,150",1 Bed,1 Bath,720 sq ft,"Pet Friendly, Parking Available, Utilities Included"
"1 bedroom Apartment, Wicker Park","1342 N Bosworth Ave #1f, Chicago, IL, 60642",41.906349,-87.666532,$980,1 Bed + den,1 Bath,525 sq ft,Air Conditioning
"1 bedroom Apartment, Lincoln Park","2336 N Southport Ave #1-F, Chicago, IL, 60614",41.924498,-87.663492,"$1,750",1 Bed,1 Bath,750 sq ft,"Pet Friendly, Parking Available, Air Conditioning"
"1 bedroom Apartment, Logan Square","2418 W Charleston St #Apt B, Chicago, IL, 60647",41.920135,-87.688313,"$1,350",1 Bed,1 Bath,900 sq ft,"Air Conditioning, In-unit Laundry"
"1 bedroom Condo, West Loop","659 W Randolph St #411, Chicago, IL, 60661",41.884004,-87.644741,"$1,975",1 Bed,1 Bath,655 sq ft,"Pet Friendly, Parking Available, Air Conditioning, In-unit Laundry, Utilities Included"
"1 bedroom Apartment, Lakeview","754 W Wellington Ave #3b, Chicago, IL, 60657",41.936485,-87.648934,"$1,295",1 Bed,1 Bath,681 sq ft,"Pet Friendly, Air Conditioning"
"1 bedroom Condo, Edgewater","1748 W Granville Ave #1B, Chicago, IL, 60660",41.994669,-87.673774,"$1,395",1 Bed + den,1 Bath,780 sq ft,"Air Conditioning, Utilities Included"
"1 bedroom Apartment, Lakeview","712 W Briar Pl #2R, Chicago, IL, 60657",41.939271,-87.647379,"$1,750",1 Bed,1 Bath,5 sq ft,"Air Conditioning, Utilities Included"
"1 bedroom Apartment, Irving Park","4149 W Addison St #2, Chicago, IL, 60641",41.946076,-87.731029,"$1,095",1 Bed,1 Bath,800 sq ft,"Pet Friendly, Utilities Included"
"1 bedroom Condo, River North","225 W Huron St #210, Chicago, IL, 60654",41.894609,-87.63525,"$2,250",1 Bed,1 Bath,900 sq ft,"Pet Friendly, Air Conditioning, In-unit Laundry, Utilities Included"
"1 bedroom Condo, Lakeview","3644 N Pine Grove Ave #02, Chicago, IL, 60613",41.949013,-87.646535,"$1,850",1 Bed,1 Bath,950 sq ft,"Pet Friendly, Air Conditioning, Utilities Included"
"1 bedroom Apartment, Lincoln Park","2470 N Clark St #1406, Chicago, IL, 60614",41.927334,-87.642118,"$1,578",1 Bed,1 Bath,5 sq ft,"Pet Friendly, Parking Available, Air Conditioning, In-unit Laundry, Utilities Included"
"1 bedroom Apartment, Rogers Park","2052 W Fargo Ave #2B, Chicago, IL, 60645",42.016565,-87.682657,"$1,195",1 Bed,1 Bath,1100 sq ft,Parking Available
"1 bedroom Condo, Lincoln Park","2400 N Lakeview Ave #1003, Chicago, IL, 60614",41.925868,-87.639337,"$2,200",1 Bed,1 Bath,650 sq ft,"Pet Friendly, Parking Available, Air Conditioning, Utilities Included"
"1 bedroom Apartment, Andersonville","4801 N Ravenswood Ave #301, Chicago, IL, 60640",41.969049,-87.673967,"$1,710",1 Bed,1 Bath,900 sq ft,Air Conditioning
"1 bedroom Apartment, Uptown","4740 N Winthrop Ave #ID572, Chicago, IL, 60640",41.968458,-87.657921,"$2,580",1 Bed,1 Bath,649 sq ft,"Pet Friendly, Air Conditioning, In-unit Laundry"
"1 bedroom Apartment, River North","750 N Dearborn St #2506, Chicago, IL, 60654",41.896287,-87.630284,"$1,650",1 Bed,1 Bath,4 sq ft,"Pet Friendly, Air Conditioning"
"1 bedroom Apartment, Ravenswood","2111 W Wilson Ave #01, Chicago, IL, 60625",41.964816,-87.681216,$825,1 Bed,1 Bath,1100 sq ft,"Air Conditioning, Utilities Included"
"1 bedroom Apartment, Lakeview","1618 W Cornelia Ave #02, Chicago, IL, 60657",41.945284,-87.669577,"$1,495",1 Bed,1 Bath,4 sq ft,"Air Conditioning, Utilities Included"
"1 bedroom Apartment, Noble Square","1162 W Grand Ave #4-R, Chicago, IL, 60642",41.891311,-87.657051,"$1,790",1 Bed,1 Bath,671 sq ft,"Air Conditioning, In-unit Laundry"
"1 bedroom Condo, Old Town","1444 N Orleans St #5G, Chicago, IL, 60610",41.90887,-87.637974,"$2,350",1 Bed,1 Bath,725 sq ft,"Air Conditioning, In-unit Laundry"
"1 bedroom Apartment, Ravenswood","4420 N Greenview Ave #2E, Chicago, IL, 60640",41.962307,-87.66815,"$1,460",1 Bed,1 Bath,4 sq ft,"Pet Friendly, Utilities Included"
"1 bedroom Apartment, Lakeview","3748 N Broadway Ave #1, Chicago, IL, 60613",41.950408,-87.649331,"$2,400",1 Bed,1 Bath,4 sq ft,"Pet Friendly, Air Conditioning, In-unit Laundry"
"1 bedroom Apartment, Lincoln Park","2155 N Elston Ave #712, Chicago, IL, 60614",41.920451,-87.670362,"$2,345",1 Bed,1 Bath,780 sq ft,"Pet Friendly, Parking Available, Air Conditioning, In-unit Laundry"
"1 bedroom Apartment, Albany Park","4521 N Harding Ave #2, Chicago, IL, 60625",41.963509,-87.726404,"$1,400",1 Bed,1 Bath,800 sq ft,"Pet Friendly, Air Conditioning"
"1 bedroom Apartment, Skokie","8042  Knox Ave #3B, Skokie, IL, 60076",42.027402,-87.744207,"$1,175",1 Bed,1 Bath,915 sq ft,"Parking Available, Air Conditioning, Utilities Included"
"1 bedroom Apartment, Printer's Row","619 S Lasalle St #712, Chicago, IL, 60605",41.87398,-87.631364,"$1,850",1 Bed,1 Bath,690 sq ft,"Pet Friendly, Parking Available, Air Conditioning, In-unit Laundry"
"1 bedroom Apartment, West Loop","123 N Des Plaines St #1414, Chicago, IL, 60661",41.883618,-87.643776,"$2,672",1 Bed + den,1 Bath,844 sq ft,"Pet Friendly, Parking Available, Air Conditioning, In-unit Laundry"
"1 bedroom Apartment, River North","905 N Orleans St #1011, Chicago, IL, 60610",41.89926,-87.637025,"$2,400",1 Bed,1 Bath,796 sq ft,"Pet Friendly, Air Conditioning, In-unit Laundry"
"1 bedroom Apartment, Logan Square","2340 N California Ave #ID478, Chicago, IL, 60647",41.924227,-87.698228,"$2,660",1 Bed,1 Bath,700 sq ft,"Pet Friendly, Air Conditioning, In-unit Laundry"
